fold,test_participant,accuracy,precision,recall,f1
1,AP01,0.9968717413972888,0.9866015178906293,0.9945138685724636,0.9904672014619725
2,AP02,0.9937434827945777,0.9681536970781157,0.9914607120489474,0.9790031119032965
3,AP03,0.9874869655891554,0.9387702952392184,0.9952409280190363,0.9655143872349866
4,AP04,0.9937434827945777,0.9827028991907957,0.982454453522393,0.9824818404583207
5,AP05,0.9963503649635036,0.9890225892337133,0.9911374947532531,0.990035294067928
