fold,test_participant,accuracy,precision,recall,f1
1,AP01,0.9979144942648592,0.9970431655785236,0.9914443367195488,0.9942293972624543
2,AP02,0.9989572471324296,0.9975648045130873,0.9959705233538906,0.9967528242491407
3,AP03,0.9895724713242962,0.9960807368214776,0.9435149435149435,0.9685314046912582
4,AP04,0.9979144942648592,0.9941797883137596,0.9941367950427485,0.9941473614939408
5,AP05,0.9968717413972888,0.9829690693775065,0.995059063380704,0.9889140881980297
